{
  "everythingSG_1" : {
    "CONFIG_DOUBLE" : 22.22,
    "CONFIG_FLOAT" : 222.2220001220703,
    "CONFIG_INT" : 11,
    "recursive" : {
      "CONFIG_DOUBLE" : 22.22,
      "CONFIG_FLOAT" : 222.2220001220703,
      "CONFIG_INT" : 11,
      "Subgraph_2" : {
        "CONFIG_DOUBLE" : 22.22,
        "CONFIG_FLOAT" : 222.2220001220703,
        "CONFIG_INT" : 11,
        "Subgraph_3" : {
          "CONFIG_DOUBLE" : 22.22,
          "CONFIG_FLOAT" : 222.2220001220703,
          "CONFIG_INT" : 11,
          "Subgraph_4" : {
            "CONFIG_DOUBLE" : 22.22,
            "CONFIG_FLOAT" : 222.2220001220703,
            "CONFIG_INT" : 11
          }
        }
      }
    }
  },
  "SubGraph_1" : {
    "CONFIG_DOUBLE" : 22.22,
    "CONFIG_FLOAT" : 222.2220001220703,
    "CONFIG_INT" : 11
  },
  "CONFIG_FLOAT" : 222.2220001220703,
  "CONFIG_DOUBLE" : 22.22,
  "CONFIG_INT" : 11
}